Bridge-ID,Bridge,Modes,AxlesSouthbound,SouthboundTolls,AxlesNorthbound,NorthboundTolls,TollsAsOf,Sources,Link-to-Reference-TX,Link-to-Reference-TX
ELP-ELP-PASO,Paso del Norte Bridge,Pedestrian or Bicycle,,$0.50 ,,MX$6.00,As of September 2025,"International Bridges Steering Committee,  Fideicomiso de Puentes Fronterizos de Chihuahua ",https://pdnuno.com/,https://www.puentesfronterizos.gob.mx/puente-internacional-paso-del-norte.php
ELP-ELP-PASO,Paso del Norte Bridge,Motorcycle,,No southbound vehicle crossings permitted ,,MX$20.00,As of September 2025,"International Bridges Steering Committee,  Fideicomiso de Puentes Fronterizos de Chihuahua ",https://pdnuno.com/,https://www.puentesfronterizos.gob.mx/puente-internacional-paso-del-norte.php
ELP-ELP-PASO,Paso del Norte Bridge,Passenger Vehicle,,No southbound vehicle crossings permitted ,2 axles,MX$39.00,As of September 2025,"International Bridges Steering Committee,  Fideicomiso de Puentes Fronterizos de Chihuahua ",https://pdnuno.com/,https://www.puentesfronterizos.gob.mx/puente-internacional-paso-del-norte.php
ELP-ELP-PASO,Paso del Norte Bridge,Passenger Vehicle,,No southbound vehicle crossings permitted ,per additional axle,MX$19.00,As of September 2025,"International Bridges Steering Committee,  Fideicomiso de Puentes Fronterizos de Chihuahua ",https://pdnuno.com/,https://www.puentesfronterizos.gob.mx/puente-internacional-paso-del-norte.php
ELP-ELP-PASO,Paso del Norte Bridge,Bus,,No southbound vehicle crossings permitted ,2-4 axles,MX$67.00,As of September 2025,"International Bridges Steering Committee,  Fideicomiso de Puentes Fronterizos de Chihuahua ",https://pdnuno.com/,https://www.puentesfronterizos.gob.mx/puente-internacional-paso-del-norte.php
ELP-ELP-GOOD,Good Neighbor Bridge (Stanton),Pedestrian or Bicycle,,$0.50 ,,Northbound crossings only available with SENTRI,As of September 2025,"International Bridges Steering Committee,  Fideicomiso de Puentes Fronterizos de Chihuahua ",https://pdnuno.com/,https://www.puentesfronterizos.gob.mx/puente-internacional-lerdo-stanton.php
ELP-ELP-GOOD,Good Neighbor Bridge (Stanton),Motorcycle,,"$3.50 
$3.00 E-Fast Pass",,Northbound crossings only available with SENTRI,As of September 2025,"International Bridges Steering Committee,  Fideicomiso de Puentes Fronterizos de Chihuahua ",https://pdnuno.com/,https://www.puentesfronterizos.gob.mx/puente-internacional-lerdo-stanton.php
ELP-ELP-GOOD,Good Neighbor Bridge (Stanton),Passenger Vehicle,2 axles,"$3.50
$3.00 E-Fast Pass",,Northbound crossings only available with SENTRI,As of September 2025,"International Bridges Steering Committee,  Fideicomiso de Puentes Fronterizos de Chihuahua ",https://pdnuno.com/,https://www.puentesfronterizos.gob.mx/puente-internacional-lerdo-stanton.php
ELP-ELP-GOOD,Good Neighbor Bridge (Stanton),Passenger Vehicle,per additional axle,"$1.75 
$1.50 E-Fast Pass",,Northbound crossings only available with SENTRI,As of September 2025,"International Bridges Steering Committee,  Fideicomiso de Puentes Fronterizos de Chihuahua ",https://pdnuno.com/,https://www.puentesfronterizos.gob.mx/puente-internacional-lerdo-stanton.php
ELP-ELP-GOOD,Good Neighbor Bridge (Stanton),Bus,"2 axles, incl. RVs and Pickup Trucks over 1 ton carrying capacity ","$9.00
$8.00 E-Fast Pass",,,As of September 2025,"International Bridges Steering Committee,  Fideicomiso de Puentes Fronterizos de Chihuahua ",https://pdnuno.com/,https://www.puentesfronterizos.gob.mx/puente-internacional-lerdo-stanton.php
ELP-ELP-GOOD,Good Neighbor Bridge (Stanton),Bus,per additional axle,"$4.50 
$4.00 E-Fast Pass",,,As of September 2025,"International Bridges Steering Committee,  Fideicomiso de Puentes Fronterizos de Chihuahua ",https://pdnuno.com/,https://www.puentesfronterizos.gob.mx/puente-internacional-lerdo-stanton.php
ELP-ELP-BRID,Bridge of the Americas,Pedestrians,,No Toll,,No Toll,As of September 2025,"International Bridges Steering Committee,  Fideicomiso de Puentes Fronterizos de Chihuahua ",https://pdnuno.com/,
ELP-ELP-BRID,Bridge of the Americas,Passenger Vehicles,,No Toll,,No Toll,As of September 2025,"International Bridges Steering Committee,  Fideicomiso de Puentes Fronterizos de Chihuahua ",https://pdnuno.com/,
ELP-ELP-BRID,Bridge of the Americas,Commercial Trucks,,No Toll,,No Toll,As of September 2025,"International Bridges Steering Committee,  Fideicomiso de Puentes Fronterizos de Chihuahua ",https://pdnuno.com/,
ELP-YSL-YSLE,Ysleta Bridge,Pedestrian or Bicycle,,$0.50 ,,MX$9.00,As of September 2025,"International Bridges Steering Committee,  Fideicomiso de Puentes Fronterizos de Chihuahua ",https://pdnuno.com/border-crossings/ysleta-zaragoza,International Bridges Crossing Toll in Ciudad Juárez - Guadalupe
ELP-YSL-YSLE,Ysleta Bridge,Motorcycle,,"$3.50
$3.00 E-Fast Pass",,MX$20.00,As of September 2025,"International Bridges Steering Committee,  Fideicomiso de Puentes Fronterizos de Chihuahua ",https://pdnuno.com/border-crossings/ysleta-zaragoza,International Bridges Crossing Toll in Ciudad Juárez - Guadalupe
ELP-YSL-YSLE,Ysleta Bridge,Passenger Vehicles,"2 axles, incl. pick-up trucks, panel trucks, vans, and recreational trailers","$3.50 
$3.00 E-Fast Pass",2 axles,MX$39.00,As of September 2025,"International Bridges Steering Committee,  Fideicomiso de Puentes Fronterizos de Chihuahua ",https://pdnuno.com/border-crossings/ysleta-zaragoza,International Bridges Crossing Toll in Ciudad Juárez - Guadalupe
ELP-YSL-YSLE,Ysleta Bridge,Passenger Vehicles,per additional axle,"$1.75 
$1.50 E-Fast Pass",per additional axle,MX$24.00,As of September 2025,"International Bridges Steering Committee,  Fideicomiso de Puentes Fronterizos de Chihuahua ",https://pdnuno.com/border-crossings/ysleta-zaragoza,International Bridges Crossing Toll in Ciudad Juárez - Guadalupe
ELP-YSL-YSLE,Ysleta Bridge,Bus,"2 axles, incl. RVs","$9.00 
$8.00 E-Fast Pass",2-4 axles,MX$122.00,As of September 2025,"International Bridges Steering Committee,  Fideicomiso de Puentes Fronterizos de Chihuahua ",https://pdnuno.com/border-crossings/ysleta-zaragoza,International Bridges Crossing Toll in Ciudad Juárez - Guadalupe
ELP-YSL-YSLE,Ysleta Bridge,Bus,per additional axle,"$4.50 
$4.00 E-Fast Pass",,,As of September 2025,"International Bridges Steering Committee,  Fideicomiso de Puentes Fronterizos de Chihuahua ",https://pdnuno.com/border-crossings/ysleta-zaragoza,International Bridges Crossing Toll in Ciudad Juárez - Guadalupe
ELP-YSL-YSLE,Ysleta Bridge,Commercial Trucks,2 axles,"$9.00 
$8.00 E-Fast Pass",2-3 axles,MX$122.00,As of September 2025,"International Bridges Steering Committee,  Fideicomiso de Puentes Fronterizos de Chihuahua ",https://pdnuno.com/border-crossings/ysleta-zaragoza,International Bridges Crossing Toll in Ciudad Juárez - Guadalupe
ELP-YSL-YSLE,Ysleta Bridge,Commercial Trucks,per additional axle,"$4.50 
$4.00 E-Fast Pass",4-5 axles,MX$259.00,As of September 2025,"International Bridges Steering Committee,  Fideicomiso de Puentes Fronterizos de Chihuahua ",https://pdnuno.com/border-crossings/ysleta-zaragoza,International Bridges Crossing Toll in Ciudad Juárez - Guadalupe
ELP-YSL-YSLE,Ysleta Bridge,Commercial Trucks,,,6-9 axles ,MX$411.00,As of September 2025,"International Bridges Steering Committee,  Fideicomiso de Puentes Fronterizos de Chihuahua ",,
ELP-YSL-YSLE,Ysleta Bridge,Commercial Trucks,,,per additional axle,MX$60.00,As of September 2025,"International Bridges Steering Committee,  Fideicomiso de Puentes Fronterizos de Chihuahua ",,
ELP-YSL-YSLE,Ysleta Bridge,Pick-Up Trucks,with a carrying capacity exceeding one ton and any other vehicle,"$9.00 
$8.00 E-Fast Pass",,,As of September 2025,"International Bridges Steering Committee,  Fideicomiso de Puentes Fronterizos de Chihuahua ",https://pdnuno.com/border-crossings/ysleta-zaragoza,International Bridges Crossing Toll in Ciudad Juárez - Guadalupe
ELP-YSL-YSLE,Ysleta Bridge,Pick-Up Trucks,per additional axle,"$4.50 
$4.00 E-Fast Pass",,,As of September 2025,"International Bridges Steering Committee,  Fideicomiso de Puentes Fronterizos de Chihuahua ",https://pdnuno.com/border-crossings/ysleta-zaragoza,International Bridges Crossing Toll in Ciudad Juárez - Guadalupe
ELP-TOR-MARC,Marcelino Serna Bridge,Pedestrian or Bicycle,,No Toll,,MX$9.00,As of September 2025,"International Bridges Steering Committee,  Fideicomiso de Puentes Fronterizos de Chihuahua ",https://pdnuno.com/border-crossings/tornillo-guadalupe,International Bridges Crossing Toll in Ciudad Juárez - Guadalupe
ELP-TOR-MARC,Marcelino Serna Bridge,Motorcycle,,No Toll,,MX$20.00,As of September 2025,"International Bridges Steering Committee,  Fideicomiso de Puentes Fronterizos de Chihuahua ",https://pdnuno.com/border-crossings/tornillo-guadalupe,International Bridges Crossing Toll in Ciudad Juárez - Guadalupe
ELP-TOR-MARC,Marcelino Serna Bridge,Passenger Vehicle,,No Toll,2 axles,MX$39.00,As of September 2025,"International Bridges Steering Committee,  Fideicomiso de Puentes Fronterizos de Chihuahua ",https://pdnuno.com/border-crossings/tornillo-guadalupe,International Bridges Crossing Toll in Ciudad Juárez - Guadalupe
ELP-TOR-MARC,Marcelino Serna Bridge,Passenger Vehicles,,No Toll,per additional axle,MX$24.00,As of September 2025,"International Bridges Steering Committee,  Fideicomiso de Puentes Fronterizos de Chihuahua ",https://pdnuno.com/border-crossings/tornillo-guadalupe,International Bridges Crossing Toll in Ciudad Juárez - Guadalupe
ELP-TOR-MARC,Marcelino Serna Bridge,Bus,,No Toll,2-4 axles,MX$122.00,As of September 2025,"International Bridges Steering Committee,  Fideicomiso de Puentes Fronterizos de Chihuahua ",https://pdnuno.com/border-crossings/tornillo-guadalupe,International Bridges Crossing Toll in Ciudad Juárez - Guadalupe
ELP-TOR-MARC,Marcelino Serna Bridge,Commercial Trucks,,No Toll,2-3 axles,MX$122.00,As of September 2025,"International Bridges Steering Committee,  Fideicomiso de Puentes Fronterizos de Chihuahua ",https://pdnuno.com/border-crossings/tornillo-guadalupe,International Bridges Crossing Toll in Ciudad Juárez - Guadalupe
ELP-TOR-MARC,Marcelino Serna Bridge,Commercial Trucks,,No Toll,4-5 axles,MX$259.00,As of September 2025,"International Bridges Steering Committee,  Fideicomiso de Puentes Fronterizos de Chihuahua ",https://pdnuno.com/border-crossings/tornillo-guadalupe,International Bridges Crossing Toll in Ciudad Juárez - Guadalupe
ELP-TOR-MARC,Marcelino Serna Bridge,Commercial Trucks,,No Toll,6-9 axles,MX$411.00,As of September 2025,"International Bridges Steering Committee,  Fideicomiso de Puentes Fronterizos de Chihuahua ",https://pdnuno.com/border-crossings/tornillo-guadalupe,International Bridges Crossing Toll in Ciudad Juárez - Guadalupe
ELP-TOR-MARC,Marcelino Serna Bridge,Commercial Trucks,,No Toll,per additional axle,MX$60.00,As of September 2025,"International Bridges Steering Committee,  Fideicomiso de Puentes Fronterizos de Chihuahua ",https://pdnuno.com/border-crossings/tornillo-guadalupe,International Bridges Crossing Toll in Ciudad Juárez - Guadalupe
ELP-TOR-FORT,Fort Hancock-El Porvenir Bridge,Pedestrians,,No Toll,,No Toll,As of September 2025,,,
ELP-TOR-FORT,Fort Hancock-El Porvenir Bridge,Passenger Vehicles,,No Toll,,No Toll,As of September 2025,,,
ELP-PSD-PRES,Presidio-Ojinaga International Bridge,Pedestrian or Bicycle,,No Toll,,MX$5.00,As of September 2025,Caminos y Puentes Federales de Ingresos y Servicios Conexos (CAPUFE),,https://pot.capufe.mx/gobmx/transparencia/Doc/TransparenciaF/Tarifas/Vigentes/2025/Tarifas-Vigentes-2025.pdf
ELP-PSD-PRES,Presidio-Ojinaga International Bridge,Motorcycle,,No Toll,,MX$15.00,As of September 2025,Caminos y Puentes Federales de Ingresos y Servicios Conexos (CAPUFE),,https://pot.capufe.mx/gobmx/transparencia/Doc/TransparenciaF/Tarifas/Vigentes/2025/Tarifas-Vigentes-2025.pdf
ELP-PSD-PRES,Presidio-Ojinaga International Bridge,Passenger Vehicles,,No Toll,2 axles,MX$30.00,As of September 2025,Caminos y Puentes Federales de Ingresos y Servicios Conexos (CAPUFE),,https://pot.capufe.mx/gobmx/transparencia/Doc/TransparenciaF/Tarifas/Vigentes/2025/Tarifas-Vigentes-2025.pdf
ELP-PSD-PRES,Presidio-Ojinaga International Bridge,Passenger Vehicles,,No Toll,per additional axle,MX$15.00,As of September 2025,Caminos y Puentes Federales de Ingresos y Servicios Conexos (CAPUFE),,https://pot.capufe.mx/gobmx/transparencia/Doc/TransparenciaF/Tarifas/Vigentes/2025/Tarifas-Vigentes-2025.pdf
ELP-PSD-PRES,Presidio-Ojinaga International Bridge,Bus,,No Toll,2-4 axles,MX$58.00,As of September 2025,Caminos y Puentes Federales de Ingresos y Servicios Conexos (CAPUFE),,https://pot.capufe.mx/gobmx/transparencia/Doc/TransparenciaF/Tarifas/Vigentes/2025/Tarifas-Vigentes-2025.pdf
ELP-PSD-PRES,Presidio-Ojinaga International Bridge,Commercial Trucks,,No Toll,2-9 axles,MX$58.00,As of September 2025,Caminos y Puentes Federales de Ingresos y Servicios Conexos (CAPUFE),,https://pot.capufe.mx/gobmx/transparencia/Doc/TransparenciaF/Tarifas/Vigentes/2025/Tarifas-Vigentes-2025.pdf
ELP-PSD-PRES,Presidio-Ojinaga International Bridge,Commercial Trucks,,No Toll,per additional axle,MX$29.00,As of September 2025,Caminos y Puentes Federales de Ingresos y Servicios Conexos (CAPUFE),,https://pot.capufe.mx/gobmx/transparencia/Doc/TransparenciaF/Tarifas/Vigentes/2025/Tarifas-Vigentes-2025.pdf
ELP-BOQ-BOQU,Boquillas Crossing,Pedestrians,,"Rowboat Service (Roundtrip):  
Adults - $5
Children 7 & Under - $1",,"Rowboat Service (Roundtrip):  
Adults - $5
Children 7 & Under - $1",As of September 2025,Source: Boquillas International Ferry,,boquillas.org |
LRD-DLR-LAKA,Lake Amistad Dam Crossing,Passenger Vehicles,,No Toll,,No Toll,As of September 2025,,,
LRD-DLR-DELR,Del Rio International Bridge,Pedestrian or Bicycle,,$0.75 ,,MX$5.00,As of September 2025,"City of Del Rio International Bridge, Caminos y Puentes Federales de Ingresos y Servicios Conexos (CAPUFE)",https://www.cityofdelrio.com/government/departments/international-bridge,https://pot.capufe.mx/gobmx/transparencia/Doc/TransparenciaF/Tarifas/Vigentes/2025/Tarifas-Vigentes-2025.pdf
LRD-DLR-DELR,Del Rio International Bridge,Motorcycle,,$4.00 ,,MX$16.00,As of September 2025,"City of Del Rio International Bridge, Caminos y Puentes Federales de Ingresos y Servicios Conexos (CAPUFE)",https://www.cityofdelrio.com/government/departments/international-bridge,https://pot.capufe.mx/gobmx/transparencia/Doc/TransparenciaF/Tarifas/Vigentes/2025/Tarifas-Vigentes-2025.pdf
LRD-DLR-DELR,Del Rio International Bridge,Passenger Vehicles,2 axles,$4.00 ,2 axles,MX$32.00,As of September 2025,"City of Del Rio International Bridge, Caminos y Puentes Federales de Ingresos y Servicios Conexos (CAPUFE)",https://www.cityofdelrio.com/government/departments/international-bridge,https://pot.capufe.mx/gobmx/transparencia/Doc/TransparenciaF/Tarifas/Vigentes/2025/Tarifas-Vigentes-2025.pdf
LRD-DLR-DELR,Del Rio International Bridge,Passenger Vehicles,per additional axle,2,per additional axle,MX$16.00,As of September 2025,"City of Del Rio International Bridge, Caminos y Puentes Federales de Ingresos y Servicios Conexos (CAPUFE)",https://www.cityofdelrio.com/government/departments/international-bridge,https://pot.capufe.mx/gobmx/transparencia/Doc/TransparenciaF/Tarifas/Vigentes/2025/Tarifas-Vigentes-2025.pdf
LRD-DLR-DELR,Del Rio International Bridge,Bus,Also RVs ,13.5,2-4 axles,MX$65.00,As of September 2025,"City of Del Rio International Bridge, Caminos y Puentes Federales de Ingresos y Servicios Conexos (CAPUFE)",https://www.cityofdelrio.com/government/departments/international-bridge,https://pot.capufe.mx/gobmx/transparencia/Doc/TransparenciaF/Tarifas/Vigentes/2025/Tarifas-Vigentes-2025.pdf
LRD-DLR-DELR,Del Rio International Bridge,Commercial Trucks and Dual Tire Vehicles,per axle,6.75,2-9 axles,MX$65.00,As of September 2025,"City of Del Rio International Bridge, Caminos y Puentes Federales de Ingresos y Servicios Conexos (CAPUFE)",https://www.cityofdelrio.com/government/departments/international-bridge,https://pot.capufe.mx/gobmx/transparencia/Doc/TransparenciaF/Tarifas/Vigentes/2025/Tarifas-Vigentes-2025.pdf
LRD-DLR-DELR,Del Rio International Bridge,Commercial Trucks and Dual Tire Vehicles,,,per additional axle,MX$32.00,As of September 2025,"City of Del Rio International Bridge, Caminos y Puentes Federales de Ingresos y Servicios Conexos (CAPUFE)",https://www.cityofdelrio.com/government/departments/international-bridge,https://pot.capufe.mx/gobmx/transparencia/Doc/TransparenciaF/Tarifas/Vigentes/2025/Tarifas-Vigentes-2025.pdf
LRD-EGP-EAGL,Eagle Pass International Bridge,Pedestrian,,$1.00 ,,MX$5.00,As of September 2025,"City of Eagle Pass, Caminos y Puentes Federales de Ingresos y Servicios Conexos (CAPUFE)",https://www.eaglepasstx.gov/206/Services-Tolls,https://pot.capufe.mx/gobmx/transparencia/Doc/TransparenciaF/Tarifas/Vigentes/2025/Tarifas-Vigentes-2025.pdf
LRD-EGP-EAGL,Eagle Pass International Bridge,Motorcycle,,4,,MX$16.00,As of September 2025,"City of Eagle Pass, Caminos y Puentes Federales de Ingresos y Servicios Conexos (CAPUFE)",https://www.eaglepasstx.gov/206/Services-Tolls,https://pot.capufe.mx/gobmx/transparencia/Doc/TransparenciaF/Tarifas/Vigentes/2025/Tarifas-Vigentes-2025.pdf
LRD-EGP-EAGL,Eagle Pass International Bridge,Passenger Vehicles,Including pickup trucks,4,2 axles,MX$32.00,As of September 2025,"City of Eagle Pass, Caminos y Puentes Federales de Ingresos y Servicios Conexos (CAPUFE)",https://www.eaglepasstx.gov/206/Services-Tolls,https://pot.capufe.mx/gobmx/transparencia/Doc/TransparenciaF/Tarifas/Vigentes/2025/Tarifas-Vigentes-2025.pdf
LRD-EGP-EAGL,Eagle Pass International Bridge,Passenger Vehicles,per additional axle,2,per additional axle,MX$16.00,As of September 2025,"City of Eagle Pass, Caminos y Puentes Federales de Ingresos y Servicios Conexos (CAPUFE)",https://www.eaglepasstx.gov/206/Services-Tolls,https://pot.capufe.mx/gobmx/transparencia/Doc/TransparenciaF/Tarifas/Vigentes/2025/Tarifas-Vigentes-2025.pdf
LRD-EGP-CAMI,Camino Real International Bridge,Pedestrian,,$1.00 ,,MX$5.00,As of September 2025,"City of Eagle Pass, Operadora y Administración Técnica SA (Hoatsa)",https://www.eaglepasstx.gov/206/Services-Tolls,Piedras Negras II International Bridge | Rates
LRD-EGP-CAMI,Camino Real International Bridge,Motorcycle,2 axles,4,,MX$18.00,As of September 2025,"City of Eagle Pass, Operadora y Administración Técnica SA (Hoatsa)",,Piedras Negras II International Bridge | Rates
LRD-EGP-CAMI,Camino Real International Bridge,Passenger Vehicles,"Incl., pickup trucks",4,2 axles,MX$36.00,As of September 2025,"City of Eagle Pass, Operadora y Administración Técnica SA (Hoatsa)",,Piedras Negras II International Bridge | Rates
LRD-EGP-CAMI,Camino Real International Bridge,Passenger Vehicles,per additional axle,2,per additional axle,MX$17.00,As of September 2025,"City of Eagle Pass, Operadora y Administración Técnica SA (Hoatsa)",,Piedras Negras II International Bridge | Rates
LRD-EGP-CAMI,Camino Real International Bridge,Bus,2 axles,11,2-4 axles,MX$70.00,As of September 2025,"City of Eagle Pass, Operadora y Administración Técnica SA (Hoatsa)",,Piedras Negras II International Bridge | Rates
LRD-EGP-CAMI,Camino Real International Bridge,Bus,per additional axle,5.5,,,As of September 2025,"City of Eagle Pass, Operadora y Administración Técnica SA (Hoatsa)",https://www.eaglepasstx.gov/206/Services-Tolls,Piedras Negras II International Bridge | Rates
LRD-EGP-CAMI,Camino Real International Bridge,Commercial Trucks,2 axles,11,2-4 axles,MX$70.00,As of September 2025,"City of Eagle Pass, Operadora y Administración Técnica SA (Hoatsa)",https://www.eaglepasstx.gov/206/Services-Tolls,Piedras Negras II International Bridge | Rates
LRD-EGP-CAMI,Camino Real International Bridge,Commercial Trucks,3 axles,16.5,5-6 axles,MX$151.00,As of September 2025,"City of Eagle Pass, Operadora y Administración Técnica SA (Hoatsa)",https://www.eaglepasstx.gov/206/Services-Tolls,Piedras Negras II International Bridge | Rates
LRD-EGP-CAMI,Camino Real International Bridge,Commercial Trucks,4 axles,22,7-9 axles,MX$250.00,As of September 2025,"City of Eagle Pass, Operadora y Administración Técnica SA (Hoatsa)",https://www.eaglepasstx.gov/206/Services-Tolls,Piedras Negras II International Bridge | Rates
LRD-EGP-CAMI,Camino Real International Bridge,Commercial Trucks,5 axles,27.5,10 axles,MX$286.00,As of September 2025,"City of Eagle Pass, Operadora y Administración Técnica SA (Hoatsa)",https://www.eaglepasstx.gov/206/Services-Tolls,Piedras Negras II International Bridge | Rates
LRD-EGP-CAMI,Camino Real International Bridge,Commercial Trucks,6 axles,33,per additional axle,MX$17.00,As of September 2025,"City of Eagle Pass, Operadora y Administración Técnica SA (Hoatsa)",https://www.eaglepasstx.gov/206/Services-Tolls,Piedras Negras II International Bridge | Rates
LRD-EGP-CAMI,Camino Real International Bridge,Commercial Trucks,per additional axle,5.5,Per additional tandem axle,MX$36.00,As of September 2025,"City of Eagle Pass, Operadora y Administración Técnica SA (Hoatsa)",https://www.eaglepasstx.gov/206/Services-Tolls,Piedras Negras II International Bridge | Rates
LRD-LRD-COLO,Colombia Solidarity Bridge,Motorcycle,,3.5,,MX$15.00,As of September 2025,"City of Laredo, Corporación para el Desarrollo de la Zona Fronteriza de Nuevo León (CODEFRONT)",https://www.cityoflaredo.com/home/showpublisheddocument/32/638088789953430000,https://puertocolombianl.mx/preguntas-frecuentes-puente-colombia
LRD-LRD-COLO,Colombia Solidarity Bridge,Passenger Vehicles,2 axles,$3.50 ,2 axles,MX$30.00,As of September 2025,"City of Laredo, Corporación para el Desarrollo de la Zona Fronteriza de Nuevo León (CODEFRONT)",https://www.cityoflaredo.com/home/showpublisheddocument/32/638088789953430000,https://puertocolombianl.mx/preguntas-frecuentes-puente-colombia
LRD-LRD-COLO,Colombia Solidarity Bridge,Passenger Vehicles,per additional axle,1.75,per additional axle,MX$16.00,As of September 2025,"City of Laredo, Corporación para el Desarrollo de la Zona Fronteriza de Nuevo León (CODEFRONT)",https://www.cityoflaredo.com/home/showpublisheddocument/32/638088789953430000,https://puertocolombianl.mx/preguntas-frecuentes-puente-colombia
LRD-LRD-COLO,Colombia Solidarity Bridge,Bus,2 axles,9.5,2-3 axles,MX$65.00,As of September 2025,"City of Laredo, Corporación para el Desarrollo de la Zona Fronteriza de Nuevo León (CODEFRONT)",https://www.cityoflaredo.com/home/showpublisheddocument/32/638088789953430000,https://puertocolombianl.mx/preguntas-frecuentes-puente-colombia
LRD-LRD-COLO,Colombia Solidarity Bridge,Bus,per additional axle,4.75,,,As of September 2025,"City of Laredo, Corporación para el Desarrollo de la Zona Fronteriza de Nuevo León (CODEFRONT)",https://www.cityoflaredo.com/home/showpublisheddocument/32/638088789953430000,https://puertocolombianl.mx/preguntas-frecuentes-puente-colombia
LRD-LRD-COLO,Colombia Solidarity Bridge,Commercial Trucks,2 axles,9.5,2-3 axles ,MX$65.00,As of September 2025,"City of Laredo, Corporación para el Desarrollo de la Zona Fronteriza de Nuevo León (CODEFRONT)",https://www.cityoflaredo.com/home/showpublisheddocument/32/638088789953430000,https://puertocolombianl.mx/preguntas-frecuentes-puente-colombia
LRD-LRD-COLO,Colombia Solidarity Bridge,Commercial Trucks,3 axles,14.25,4-5 axles ,MX$144.00,As of September 2025,"City of Laredo, Corporación para el Desarrollo de la Zona Fronteriza de Nuevo León (CODEFRONT)",https://www.cityoflaredo.com/home/showpublisheddocument/32/638088789953430000,https://puertocolombianl.mx/preguntas-frecuentes-puente-colombia
LRD-LRD-COLO,Colombia Solidarity Bridge,Commercial Trucks,4 axles,19,6-9 axles,MX$216.00,As of September 2025,"City of Laredo, Corporación para el Desarrollo de la Zona Fronteriza de Nuevo León (CODEFRONT)",https://www.cityoflaredo.com/home/showpublisheddocument/32/638088789953430000,https://puertocolombianl.mx/preguntas-frecuentes-puente-colombia
LRD-LRD-COLO,Colombia Solidarity Bridge,Commercial Trucks,5 axles,$23.75 ,per additional axle,MX$45.00,As of September 2025,"City of Laredo, Corporación para el Desarrollo de la Zona Fronteriza de Nuevo León (CODEFRONT)",https://www.cityoflaredo.com/home/showpublisheddocument/32/638088789953430000,https://puertocolombianl.mx/preguntas-frecuentes-puente-colombia
LRD-LRD-COLO,Colombia Solidarity Bridge,Commercial Trucks,per additional axle,4.75,,,As of September 2025,"City of Laredo, Corporación para el Desarrollo de la Zona Fronteriza de Nuevo León (CODEFRONT)",https://www.cityoflaredo.com/home/showpublisheddocument/32/638088789953430000,https://puertocolombianl.mx/preguntas-frecuentes-puente-colombia
LRD-LRD-WORL,World Trade Bridge (Laredo Bridge IV),Commercial Trucks,2 axles,$9.50 ,2-3 axles ,MX$65.00,As of September 2025,"City of Laredo, Secretaría de Infraestructura, Comunicaciones y Transportes (SICT)",https://www.cityoflaredo.com/home/showpublisheddocument/32/638088789953430000,GENERAL DIRECTORATE OF HIGHWAY DEVELOPMENT
LRD-LRD-WORL,World Trade Bridge (Laredo Bridge IV),Commercial Trucks,3 axles,14.25,4-5 axles,MX$144.00,As of September 2025,"City of Laredo, Secretaría de Infraestructura, Comunicaciones y Transportes (SICT)",https://www.cityoflaredo.com/home/showpublisheddocument/32/638088789953430000,GENERAL DIRECTORATE OF HIGHWAY DEVELOPMENT
LRD-LRD-WORL,World Trade Bridge (Laredo Bridge IV),Commercial Trucks,4 axles,19,6-9 axles,MX$214.00,As of September 2025,"City of Laredo, Secretaría de Infraestructura, Comunicaciones y Transportes (SICT)",https://www.cityoflaredo.com/home/showpublisheddocument/32/638088789953430000,GENERAL DIRECTORATE OF HIGHWAY DEVELOPMENT
LRD-LRD-WORL,World Trade Bridge (Laredo Bridge IV),Commercial Trucks,5 axles,23.75,,,As of September 2025,"City of Laredo, Secretaría de Infraestructura, Comunicaciones y Transportes (SICT)",https://www.cityoflaredo.com/home/showpublisheddocument/32/638088789953430000,GENERAL DIRECTORATE OF HIGHWAY DEVELOPMENT
LRD-LRD-WORL,World Trade Bridge (Laredo Bridge IV),Commercial Trucks,per additional axle,$4.75 ,,,As of September 2025,"City of Laredo, Secretaría de Infraestructura, Comunicaciones y Transportes (SICT)",https://www.cityoflaredo.com/home/showpublisheddocument/32/638088789953430000,GENERAL DIRECTORATE OF HIGHWAY DEVELOPMENT
LRD-LRD-GTAB,Gateway to the Americas Bridge (Laredo Bridge I),Pedestrian or Bicycle,,$1.00 ,,MX$5.00,As of September 2025,"City of Laredo, Caminos y Puentes Federales de Ingresos y Servicios Conexos (CAPUFE)",https://www.cityoflaredo.com/home/showpublisheddocument/32/638088789953430000,https://pot.capufe.mx/gobmx/transparencia/Doc/TransparenciaF/Tarifas/Vigentes/2025/Tarifas-Vigentes-2025.pdf
LRD-LRD-GTAB,Gateway to the Americas Bridge (Laredo Bridge I),Motorcycle,2 axles,3.5,,Only SENTRI card holders are permitted for northbound vehicle crossings,As of September 2025,"City of Laredo, Caminos y Puentes Federales de Ingresos y Servicios Conexos (CAPUFE)",https://www.cityoflaredo.com/home/showpublisheddocument/32/638088789953430000,https://pot.capufe.mx/gobmx/transparencia/Doc/TransparenciaF/Tarifas/Vigentes/2025/Tarifas-Vigentes-2025.pdf
LRD-LRD-GTAB,Gateway to the Americas Bridge (Laredo Bridge I),Motorcycle,per additional axle,3.5,,,As of September 2025,"City of Laredo, CAPUFE",https://www.cityoflaredo.com/home/showpublisheddocument/32/638088789953430000,https://pot.capufe.mx/gobmx/transparencia/Doc/TransparenciaF/Tarifas/Vigentes/2025/Tarifas-Vigentes-2025.pdf
LRD-LRD-GTAB,Gateway to the Americas Bridge (Laredo Bridge I),Passenger Vehicles,2 axles,3.5,,Only SENTRI card holders are permitted for northbound vehicle crossings,As of September 2025,"City of Laredo, Caminos y Puentes Federales de Ingresos y Servicios Conexos (CAPUFE)",https://www.cityoflaredo.com/home/showpublisheddocument/32/638088789953430000,https://pot.capufe.mx/gobmx/transparencia/Doc/TransparenciaF/Tarifas/Vigentes/2025/Tarifas-Vigentes-2025.pdf
LRD-LRD-GTAB,Gateway to the Americas Bridge (Laredo Bridge I),Passenger Vehicles,per additional axle,1.75,,Only SENTRI card holders are permitted for northbound vehicle crossings,As of September 2025,"City of Laredo, Caminos y Puentes Federales de Ingresos y Servicios Conexos (CAPUFE)",https://www.cityoflaredo.com/home/showpublisheddocument/32/638088789953430000,https://pot.capufe.mx/gobmx/transparencia/Doc/TransparenciaF/Tarifas/Vigentes/2025/Tarifas-Vigentes-2025.pdf
LRD-LRD-JUAR,Juárez-Lincoln International Bridge (Laredo Bridge II),Motorcycle,,$3.50 ,,MX$16.00,As of September 2025,"City of Laredo, Caminos y Puentes Federales de Ingresos y Servicios Conexos (CAPUFE)",https://www.cityoflaredo.com/home/showpublisheddocument/32/638088789953430000,https://pot.capufe.mx/gobmx/transparencia/Doc/TransparenciaF/Tarifas/Vigentes/2025/Tarifas-Vigentes-2025.pdf
LRD-LRD-JUAR,Juárez-Lincoln International Bridge (Laredo Bridge II),Passenger Vehicles,2 axles,$3.50 ,,MX$32.00,As of September 2025,"City of Laredo, Caminos y Puentes Federales de Ingresos y Servicios Conexos (CAPUFE)",https://www.cityoflaredo.com/home/showpublisheddocument/32/638088789953430000,https://pot.capufe.mx/gobmx/transparencia/Doc/TransparenciaF/Tarifas/Vigentes/2025/Tarifas-Vigentes-2025.pdf
LRD-LRD-JUAR,Juárez-Lincoln International Bridge (Laredo Bridge II),Passenger Vehicles,per additional axle,1.75,,MX$16.00,As of September 2025,"City of Laredo, Caminos y Puentes Federales de Ingresos y Servicios Conexos (CAPUFE)",https://www.cityoflaredo.com/home/showpublisheddocument/32/638088789953430000,https://pot.capufe.mx/gobmx/transparencia/Doc/TransparenciaF/Tarifas/Vigentes/2025/Tarifas-Vigentes-2025.pdf
RGV-ROM-LAKF,Lake Falcon Dam International Crossing,Passenger Vehicles,,No Toll,,No Toll,As of September 2025,,,
RGV-ROM-ROMA,Roma-Ciudad Miguel Alemán International Bridge,Pedestrian or Bicycle,,$1.00 ,,MX$5.00,As of September 2025,"Starr County International Bridge, Caminos y Puentes Federales de Ingresos y Servicios Conexos (CAPUFE)",https://starrcountybridge.com/,https://pot.capufe.mx/gobmx/transparencia/Doc/TransparenciaF/Tarifas/Vigentes/2025/Tarifas-Vigentes-2025.pdf
RGV-ROM-ROMA,Roma-Ciudad Miguel Alemán International Bridge,Motorcycle,,4,,MX$16.00,As of September 2025,"Starr County International Bridge, Caminos y Puentes Federales de Ingresos y Servicios Conexos (CAPUFE)",https://starrcountybridge.com/,https://pot.capufe.mx/gobmx/transparencia/Doc/TransparenciaF/Tarifas/Vigentes/2025/Tarifas-Vigentes-2025.pdf
RGV-ROM-ROMA,Roma-Ciudad Miguel Alemán International Bridge,Passenger Vehicles,2 axles,4,2 axles,MX$32.00,As of September 2025,"Starr County International Bridge, Caminos y Puentes Federales de Ingresos y Servicios Conexos (CAPUFE)",https://starrcountybridge.com/,https://pot.capufe.mx/gobmx/transparencia/Doc/TransparenciaF/Tarifas/Vigentes/2025/Tarifas-Vigentes-2025.pdf
RGV-ROM-ROMA,Roma-Ciudad Miguel Alemán International Bridge,Passenger vehicles,,,per additional axle,MX$16.00,As of September 2025,"Starr County International Bridge, Caminos y Puentes Federales de Ingresos y Servicios Conexos (CAPUFE)",https://starrcountybridge.com/,https://pot.capufe.mx/gobmx/transparencia/Doc/TransparenciaF/Tarifas/Vigentes/2025/Tarifas-Vigentes-2025.pdf
RGV-ROM-ROMA,Roma-Ciudad Miguel Alemán International Bridge,Bus,2-3 axles,25,2-4 axles,MX$65.00,As of September 2025,"Starr County International Bridge, Caminos y Puentes Federales de Ingresos y Servicios Conexos (CAPUFE)",https://starrcountybridge.com/,https://pot.capufe.mx/gobmx/transparencia/Doc/TransparenciaF/Tarifas/Vigentes/2025/Tarifas-Vigentes-2025.pdf
RGV-ROM-ROMA,Roma-Ciudad Miguel Alemán International Bridge,Commercial Trucks,2 axles,11,2-9 axles,MX$65.00,As of September 2025,"Starr County International Bridge, Caminos y Puentes Federales de Ingresos y Servicios Conexos (CAPUFE)",https://starrcountybridge.com/,https://pot.capufe.mx/gobmx/transparencia/Doc/TransparenciaF/Tarifas/Vigentes/2025/Tarifas-Vigentes-2025.pdf
RGV-ROM-ROMA,Roma-Ciudad Miguel Alemán International Bridge,Commercial Trucks,3 axles,15,per additional axle,MX$32.00,As of September 2025,"Starr County International Bridge, Caminos y Puentes Federales de Ingresos y Servicios Conexos (CAPUFE)",https://starrcountybridge.com/,https://pot.capufe.mx/gobmx/transparencia/Doc/TransparenciaF/Tarifas/Vigentes/2025/Tarifas-Vigentes-2025.pdf
RGV-ROM-ROMA,Roma-Ciudad Miguel Alemán International Bridge,Commercial Trucks,4 axles,17,,,As of September 2025,"Starr County International Bridge, Caminos y Puentes Federales de Ingresos y Servicios Conexos (CAPUFE)",https://starrcountybridge.com/,https://pot.capufe.mx/gobmx/transparencia/Doc/TransparenciaF/Tarifas/Vigentes/2025/Tarifas-Vigentes-2025.pdf
RGV-ROM-ROMA,Roma-Ciudad Miguel Alemán International Bridge,Commercial Trucks,5-6 axles,20,,,As of September 2025,"Starr County International Bridge, Caminos y Puentes Federales de Ingresos y Servicios Conexos (CAPUFE)",https://starrcountybridge.com/,https://pot.capufe.mx/gobmx/transparencia/Doc/TransparenciaF/Tarifas/Vigentes/2025/Tarifas-Vigentes-2025.pdf
RGV-RGC-STAR,Starr-Camargo Bridge,Pedestrian or Bicycle,,$1.00 ,,MX$5.00,As of September 2025,"Starr Camargo Bridge Company, Caminos y Puentes Federales de Ingresos y Servicios Conexos (CAPUFE)",,https://pot.capufe.mx/gobmx/transparencia/Doc/TransparenciaF/Tarifas/Vigentes/2025/Tarifas-Vigentes-2025.pdf
RGV-RGC-STAR,Starr-Camargo Bridge,Motorcycle,,4,,MX$16.00,As of September 2025,"Starr Camargo Bridge Company, Caminos y Puentes Federales de Ingresos y Servicios Conexos (CAPUFE)",,https://pot.capufe.mx/gobmx/transparencia/Doc/TransparenciaF/Tarifas/Vigentes/2025/Tarifas-Vigentes-2025.pdf
RGV-RGC-STAR,Starr-Camargo Bridge,Passenger Vehicles,2 axles,4,2 axles,MX$32.00,As of September 2025,"Starr Camargo Bridge Company, Caminos y Puentes Federales de Ingresos y Servicios Conexos (CAPUFE)",,https://pot.capufe.mx/gobmx/transparencia/Doc/TransparenciaF/Tarifas/Vigentes/2025/Tarifas-Vigentes-2025.pdf
RGV-RGC-STAR,Starr-Camargo Bridge,Passenger Vehicles,,,per additional axle,MX$16.00,As of September 2025,"Starr Camargo Bridge Company, Caminos y Puentes Federales de Ingresos y Servicios Conexos (CAPUFE)",https://starrbridge.com/rates-regulations/,https://pot.capufe.mx/gobmx/transparencia/Doc/TransparenciaF/Tarifas/Vigentes/2025/Tarifas-Vigentes-2025.pdf
RGV-RGC-STAR,Starr-Camargo Bridge,Dual Tire Pickup,,11.75,,,As of September 2025,"Starr Camargo Bridge Company, Caminos y Puentes Federales de Ingresos y Servicios Conexos (CAPUFE)",https://starrbridge.com/rates-regulations/,https://pot.capufe.mx/gobmx/transparencia/Doc/TransparenciaF/Tarifas/Vigentes/2025/Tarifas-Vigentes-2025.pdf
RGV-RGC-STAR,Starr-Camargo Bridge,Commercial Trucks,2 axles,13.75,2-9 axles,MX$65.00,As of September 2025,"Starr Camargo Bridge Company, Caminos y Puentes Federales de Ingresos y Servicios Conexos (CAPUFE)",https://starrbridge.com/rates-regulations/,https://pot.capufe.mx/gobmx/transparencia/Doc/TransparenciaF/Tarifas/Vigentes/2025/Tarifas-Vigentes-2025.pdf
RGV-RGC-STAR,Starr-Camargo Bridge,Commercial Trucks,3 axles,15.75,,,As of September 2025,"Starr Camargo Bridge Company, Caminos y Puentes Federales de Ingresos y Servicios Conexos (CAPUFE)",https://starrbridge.com/rates-regulations/,https://pot.capufe.mx/gobmx/transparencia/Doc/TransparenciaF/Tarifas/Vigentes/2025/Tarifas-Vigentes-2025.pdf
RGV-RGC-STAR,Starr-Camargo Bridge,Commercial Trucks,4 axles,18.75,,,As of September 2025,"Starr Camargo Bridge Company, Caminos y Puentes Federales de Ingresos y Servicios Conexos (CAPUFE)",https://starrbridge.com/rates-regulations/,https://pot.capufe.mx/gobmx/transparencia/Doc/TransparenciaF/Tarifas/Vigentes/2025/Tarifas-Vigentes-2025.pdf
RGV-RGC-STAR,Starr-Camargo Bridge,Commercial Trucks,5 axles,22.25,,,As of September 2025,"Starr Camargo Bridge Company, Caminos y Puentes Federales de Ingresos y Servicios Conexos (CAPUFE)",https://starrbridge.com/rates-regulations/,https://pot.capufe.mx/gobmx/transparencia/Doc/TransparenciaF/Tarifas/Vigentes/2025/Tarifas-Vigentes-2025.pdf
RGV-RGC-STAR,Starr-Camargo Bridge,Commercial Trucks,6 axles,25.25,,,As of September 2025,"Starr Camargo Bridge Company, Caminos y Puentes Federales de Ingresos y Servicios Conexos (CAPUFE)",https://starrbridge.com/rates-regulations/,https://pot.capufe.mx/gobmx/transparencia/Doc/TransparenciaF/Tarifas/Vigentes/2025/Tarifas-Vigentes-2025.pdf
RGV-RGC-STAR,Starr-Camargo Bridge,Commercial Trucks,"5,6 axles, oversize",27,,,As of September 2025,"Starr Camargo Bridge Company, Caminos y Puentes Federales de Ingresos y Servicios Conexos (CAPUFE)",https://starrbridge.com/rates-regulations/,https://pot.capufe.mx/gobmx/transparencia/Doc/TransparenciaF/Tarifas/Vigentes/2025/Tarifas-Vigentes-2025.pdf
RGV-RGC-STAR,Starr-Camargo Bridge,Commercial Trucks,Overweight,37.5,,,As of September 2025,"Starr Camargo Bridge Company, Caminos y Puentes Federales de Ingresos y Servicios Conexos (CAPUFE)",https://starrbridge.com/rates-regulations/,https://pot.capufe.mx/gobmx/transparencia/Doc/TransparenciaF/Tarifas/Vigentes/2025/Tarifas-Vigentes-2025.pdf
RGV-RGC-STAR,Starr-Camargo Bridge,Commercial Trucks,Commercial double empty,38.5,,,As of September 2025,"Starr Camargo Bridge Company, Caminos y Puentes Federales de Ingresos y Servicios Conexos (CAPUFE)",https://starrbridge.com/rates-regulations/,https://pot.capufe.mx/gobmx/transparencia/Doc/TransparenciaF/Tarifas/Vigentes/2025/Tarifas-Vigentes-2025.pdf
RGV-RGC-STAR,Starr-Camargo Bridge,Commercial Trucks,Commercial double loaded,43.5,,,As of September 2025,"Starr Camargo Bridge Company, Caminos y Puentes Federales de Ingresos y Servicios Conexos (CAPUFE)",https://starrbridge.com/rates-regulations/,https://pot.capufe.mx/gobmx/transparencia/Doc/TransparenciaF/Tarifas/Vigentes/2025/Tarifas-Vigentes-2025.pdf
RGV-RGC-STAR,Starr-Camargo Bridge,Commercial Trucks,,,per additional axle,MX$32.00,As of September 2025,"Starr Camargo Bridge Company, Caminos y Puentes Federales de Ingresos y Servicios Conexos (CAPUFE)",,https://pot.capufe.mx/gobmx/transparencia/Doc/TransparenciaF/Tarifas/Vigentes/2025/Tarifas-Vigentes-2025.pdf
RGV-RGC-LOSE,Los Ebanos Ferry,Pedestrian or Bicycle,,$2.00 ,,MX20.00,As of September 2025,Source: Los Ebanos Ferry Sign,,Miguel Elizalde
RGV-RGC-LOSE,Los Ebanos Ferry,Motorcycle,,3,,,As of September 2025,Source: Los Ebanos Ferry Sign,,Miguel Elizalde
RGV-RGC-LOSE,Los Ebanos Ferry,Passenger Vehicles,,5,,MX50.00,As of September 2025,Source: Los Ebanos Ferry Sign,,Miguel Elizalde
RGV-HID-ANZA,Anzalduas International Bridge,Maquila Workers,,3.5,,,As of September 2025,"City of McAllen, Grupo Marhnos",https://www.mcallen.net/departments/bridge/anzalduas,puente.anzalduas@marhnos.com.mx
RGV-HID-ANZA,Anzalduas International Bridge,Motorcycle,,4,,MX$27.00,As of September 2025,"City of McAllen, Grupo Marhnos",https://www.mcallen.net/departments/bridge/anzalduas,puente.anzalduas@marhnos.com.mx
RGV-HID-ANZA,Anzalduas International Bridge,Passenger Vehicles,,4,2 axles,MX$54.00,As of September 2025,"City of McAllen, Grupo Marhnos",https://www.mcallen.net/departments/bridge/anzalduas,puente.anzalduas@marhnos.com.mx
RGV-HID-ANZA,Anzalduas International Bridge,Passenger Vehicles,,,per additional axle,MX$27.00,As of September 2025,"City of McAllen, Grupo Marhnos",https://www.mcallen.net/departments/bridge/anzalduas,puente.anzalduas@marhnos.com.mx
RGV-HID-ANZA,Anzalduas International Bridge,Bus,2 axles,7,2-4 axles,MX$107.00,As of September 2025,"City of McAllen, Grupo Marhnos",https://www.mcallen.net/departments/bridge/anzalduas,puente.anzalduas@marhnos.com.mx
RGV-HID-ANZA,Anzalduas International Bridge,Bus,3 axles,9,,,As of September 2025,"City of McAllen, Grupo Marhnos",https://www.mcallen.net/departments/bridge/anzalduas,puente.anzalduas@marhnos.com.mx
RGV-HID-ANZA,Anzalduas International Bridge,"Commercial Truck 
(Empty)",2 axles,$11.25 ,,No Northbound Crossings,As of September 2025,"City of McAllen, Grupo Marhnos",https://www.mcallen.net/departments/bridge/anzalduas,puente.anzalduas@marhnos.com.mx
RGV-HID-ANZA,Anzalduas International Bridge,"Commercial Truck 
(Empty)",3 axles,14.5,,,As of September 2025,"City of McAllen, Grupo Marhnos",https://www.mcallen.net/departments/bridge/anzalduas,puente.anzalduas@marhnos.com.mx
RGV-HID-ANZA,Anzalduas International Bridge,"Commercial Truck 
(Empty)",4 axles,16,,,As of September 2025,"City of McAllen, Grupo Marhnos",https://www.mcallen.net/departments/bridge/anzalduas,puente.anzalduas@marhnos.com.mx
RGV-HID-ANZA,Anzalduas International Bridge,"Commercial Truck 
(Empty)",5 axles,19,,,As of September 2025,"City of McAllen, Grupo Marhnos",https://www.mcallen.net/departments/bridge/anzalduas,puente.anzalduas@marhnos.com.mx
RGV-HID-ANZA,Anzalduas International Bridge,"Commercial Truck 
(Empty)",6 axles,23,,,As of September 2025,"City of McAllen, Grupo Marhnos",https://www.mcallen.net/departments/bridge/anzalduas,puente.anzalduas@marhnos.com.mx
RGV-HID-MCAL,McAllen/Hidalgo International Bridge,Pedestrian or Bicycle,,$1.00 ,,MX$5.00,As of September 2025,"City of McAllen, Caminos y Puentes Federales de Ingresos y Servicios Conexos (CAPUFE)",https://www.mcallen.net/departments/bridge/mcallen-hidalgo,https://pot.capufe.mx/gobmx/transparencia/Doc/TransparenciaF/Tarifas/Vigentes/2025/Tarifas-Vigentes-2025.pdf
RGV-HID-MCAL,McAllen/Hidalgo International Bridge,Motorcycle,,4,,MX$16.00,As of September 2025,"City of McAllen, Caminos y Puentes Federales de Ingresos y Servicios Conexos (CAPUFE)",https://www.mcallen.net/departments/bridge/mcallen-hidalgo,https://pot.capufe.mx/gobmx/transparencia/Doc/TransparenciaF/Tarifas/Vigentes/2025/Tarifas-Vigentes-2025.pdf
RGV-HID-MCAL,McAllen/Hidalgo International Bridge,Passenger Vehicles,2 axles,4,,MX$32.00,As of September 2025,"City of McAllen, Caminos y Puentes Federales de Ingresos y Servicios Conexos (CAPUFE)",https://www.mcallen.net/departments/bridge/mcallen-hidalgo,https://pot.capufe.mx/gobmx/transparencia/Doc/TransparenciaF/Tarifas/Vigentes/2025/Tarifas-Vigentes-2025.pdf
RGV-HID-MCAL,McAllen/Hidalgo International Bridge,Passenger Vehicles,,,per additional axle,MX$16.00,As of September 2025,"City of McAllen, Caminos y Puentes Federales de Ingresos y Servicios Conexos (CAPUFE)",https://www.mcallen.net/departments/bridge/mcallen-hidalgo,https://pot.capufe.mx/gobmx/transparencia/Doc/TransparenciaF/Tarifas/Vigentes/2025/Tarifas-Vigentes-2025.pdf
RGV-HID-MCAL,McAllen/Hidalgo International Bridge,Bus,2 axles,7,2-4 axles,MX$65.00,As of September 2025,"City of McAllen, Caminos y Puentes Federales de Ingresos y Servicios Conexos (CAPUFE)",https://www.mcallen.net/departments/bridge/mcallen-hidalgo,https://pot.capufe.mx/gobmx/transparencia/Doc/TransparenciaF/Tarifas/Vigentes/2025/Tarifas-Vigentes-2025.pdf
RGV-HID-MCAL,McAllen/Hidalgo International Bridge,Bus,3 axles,9,,,As of September 2025,"City of McAllen, Caminos y Puentes Federales de Ingresos y Servicios Conexos (CAPUFE)",https://www.mcallen.net/departments/bridge/mcallen-hidalgo,https://pot.capufe.mx/gobmx/transparencia/Doc/TransparenciaF/Tarifas/Vigentes/2025/Tarifas-Vigentes-2025.pdf
RGV-HID-PHAR,Pharr International Bridge,Motorcycle,,$5.00 ($4.75 AVI),,MX$23.00,As of September 2025,"AVI: Automatic Vehicle Identification–a pre-paid toll account program, City of Pharr, Operadora de Autopistas del Noreste, S.A. de C.V.",https://bridge.pharr-tx.gov/crossing-programs/,PASE
RGV-HID-PHAR,Pharr International Bridge,Passenger Vehicle,,$5.00 ($4.75 AVI),2 axles,MX$46.00,As of September 2025,"AVI: Automatic Vehicle Identification–a pre-paid toll account program, City of Pharr, Operadora de Autopistas del Noreste, S.A. de C.V.",https://bridge.pharr-tx.gov/crossing-programs/,PASE
RGV-HID-PHAR,Pharr International Bridge,Passenger Vehicle,,,per additional axle,MX$23.00,As of September 2025,"AVI: Automatic Vehicle Identification–a pre-paid toll account program, City of Pharr, Operadora de Autopistas del Noreste, S.A. de C.V.",https://bridge.pharr-tx.gov/crossing-programs/,PASE
RGV-HID-PHAR,Pharr International Bridge,Motorhome,2 axles,15,,,As of September 2025,"AVI: Automatic Vehicle Identification–a pre-paid toll account program, City of Pharr, Operadora de Autopistas del Noreste, S.A. de C.V.",https://bridge.pharr-tx.gov/crossing-programs/,PASE
RGV-HID-PHAR,Pharr International Bridge,Bus,2 axles,$16.25 ($15.25 AVI),2-4 axles,MX$97.00,As of September 2025,"AVI: Automatic Vehicle Identification–a pre-paid toll account program, City of Pharr, Operadora de Autopistas del Noreste, S.A. de C.V.",https://bridge.pharr-tx.gov/crossing-programs/,PASE
RGV-HID-PHAR,Pharr International Bridge,Bus,3 axles,$20.25 ($19.25 AVI),per additional axle,MX$48.00,As of September 2025,"AVI: Automatic Vehicle Identification–a pre-paid toll account program, City of Pharr, Operadora de Autopistas del Noreste, S.A. de C.V.",https://bridge.pharr-tx.gov/crossing-programs/,PASE
RGV-HID-PHAR,Pharr International Bridge,Commercial Truck,2 axles,$16.25 ($15.25 AVI),2-4 axles,MX$95.00,As of September 2025,"AVI: Automatic Vehicle Identification–a pre-paid toll account program, City of Pharr, Operadora de Autopistas del Noreste, S.A. de C.V.",https://bridge.pharr-tx.gov/crossing-programs/,PASE
RGV-HID-PHAR,Pharr International Bridge,Commercial Truck,3 axles,$20.25 ($19.25 AVI),5-6 axles,MX$196.00,As of September 2025,"AVI: Automatic Vehicle Identification–a pre-paid toll account program, City of Pharr, Operadora de Autopistas del Noreste, S.A. de C.V.",https://bridge.pharr-tx.gov/crossing-programs/,PASE
RGV-HID-PHAR,Pharr International Bridge,Commercial Truck,4 axles,$22.25 ($21.25 AVI),7-9 axles,MX$312.00,As of September 2025,"AVI: Automatic Vehicle Identification–a pre-paid toll account program, City of Pharr, Operadora de Autopistas del Noreste, S.A. de C.V.",https://bridge.pharr-tx.gov/crossing-programs/,PASE
RGV-HID-PHAR,Pharr International Bridge,Commercial Truck,5 axles,$27.25 ($25.25 AVI),,,As of September 2025,"AVI: Automatic Vehicle Identification–a pre-paid toll account program, City of Pharr, Operadora de Autopistas del Noreste, S.A. de C.V.",https://bridge.pharr-tx.gov/crossing-programs/,PASE
RGV-HID-PHAR,Pharr International Bridge,Commercial Truck,6 axles,$30.25 ($29.25 AVI),,,As of September 2025,"AVI: Automatic Vehicle Identification–a pre-paid toll account program, City of Pharr, Operadora de Autopistas del Noreste, S.A. de C.V.",https://bridge.pharr-tx.gov/crossing-programs/,PASE
RGV-HID-PHAR,Pharr International Bridge,Commercial Truck,wide load,45,,,As of September 2025,"AVI: Automatic Vehicle Identification–a pre-paid toll account program, City of Pharr, Operadora de Autopistas del Noreste, S.A. de C.V.",https://bridge.pharr-tx.gov/crossing-programs/,PASE
RGV-HID-PHAR,Pharr International Bridge,Commercial Truck,tanker/hazmat & salvage vehicles,50,,,As of September 2025,"AVI: Automatic Vehicle Identification–a pre-paid toll account program, City of Pharr, Operadora de Autopistas del Noreste, S.A. de C.V.",https://bridge.pharr-tx.gov/crossing-programs/,PASE
RGV-HID-PHAR,Pharr International Bridge,Commercial Truck,,,per additional axle,MX$48.00,As of September 2025,"AVI: Automatic Vehicle Identification–a pre-paid toll account program, City of Pharr, Operadora de Autopistas del Noreste, S.A. de C.V.",https://bridge.pharr-tx.gov/crossing-programs/,PASE
RGV-PRG-DONN,Donna-Rio Bravo International Bridge,Pedestrian or Bicycle,,1,,MX$4.00,As of September 2025,"City of Donna, Compañia Operadora de, Puente y Autopistas S.A. De C.V. (COPA)",https://www.cityofdonna.org/185/International-Bridge-Corporation,https://copaoperacion.com/rio-bravo/
RGV-PRG-DONN,Donna-Rio Bravo International Bridge,Motorcycle,,4,,MX$34.00,As of September 2025,"City of Donna, Compañia Operadora de, Puente y Autopistas S.A. De C.V. (COPA)",https://www.cityofdonna.org/185/International-Bridge-Corporation,https://copaoperacion.com/rio-bravo/
RGV-PRG-DONN,Donna-Rio Bravo International Bridge,Passenger Vehicle,2 axles,4,2 axles,MX$69.00,As of September 2025,"City of Donna, Compañia Operadora de, Puente y Autopistas S.A. De C.V. (COPA)",https://www.cityofdonna.org/185/International-Bridge-Corporation,https://copaoperacion.com/rio-bravo/
RGV-PRG-DONN,Donna-Rio Bravo International Bridge,Passenger Vehicle,per additional axle,4,per additional axle,MX$35.00,As of September 2025,"City of Donna, Compañia Operadora de, Puente y Autopistas S.A. De C.V. (COPA)",https://www.cityofdonna.org/185/International-Bridge-Corporation,https://copaoperacion.com/rio-bravo/
RGV-PRG-DONN,Donna-Rio Bravo International Bridge,Passenger Vehicle,pushing/pulling car,10,,,As of September 2025,"City of Donna, Compañia Operadora de, Puente y Autopistas S.A. De C.V. (COPA)",https://www.cityofdonna.org/185/International-Bridge-Corporation,https://copaoperacion.com/rio-bravo/
RGV-PRG-DONN,Donna-Rio Bravo International Bridge,Motorhome,,20,,,As of September 2025,"City of Donna, Compañia Operadora de, Puente y Autopistas S.A. De C.V. (COPA)",https://www.cityofdonna.org/185/International-Bridge-Corporation,https://copaoperacion.com/rio-bravo/
RGV-PRG-DONN,Donna-Rio Bravo International Bridge,Bus,2 axles,10,,,As of September 2025,"City of Donna, Compañia Operadora de, Puente y Autopistas S.A. De C.V. (COPA)",https://www.cityofdonna.org/185/International-Bridge-Corporation,https://copaoperacion.com/rio-bravo/
RGV-PRG-DONN,Donna-Rio Bravo International Bridge,Bus,3 axles,12,,,As of September 2025,"City of Donna, Compañia Operadora de, Puente y Autopistas S.A. De C.V. (COPA)",https://www.cityofdonna.org/185/International-Bridge-Corporation,https://copaoperacion.com/rio-bravo/
RGV-PRG-DONN,Donna-Rio Bravo International Bridge,"Commercial Truck 
(Empty)",2 axles,15,,No Northbound Crossings,As of September 2025,"City of Donna, Compañia Operadora de, Puente y Autopistas S.A. De C.V. (COPA)",https://www.cityofdonna.org/185/International-Bridge-Corporation,https://copaoperacion.com/rio-bravo/
RGV-PRG-DONN,Donna-Rio Bravo International Bridge,"Commercial Truck 
(Empty)",3 axles,19,,,As of September 2025,"City of Donna, Compañia Operadora de Puente y Autopistas S.A. De C.V. (COPA)",https://www.cityofdonna.org/185/International-Bridge-Corporation,https://copaoperacion.com/rio-bravo/
RGV-PRG-DONN,Donna-Rio Bravo International Bridge,"Commercial Truck 
(Empty)",4 axles,21,,,As of September 2025,"City of Donna, Compañia Operadora de, Puente y Autopistas S.A. De C.V. (COPA)",https://www.cityofdonna.org/185/International-Bridge-Corporation,https://copaoperacion.com/rio-bravo/
RGV-PRG-DONN,Donna-Rio Bravo International Bridge,"Commercial Truck 
(Empty)",5 axles,26,,,As of September 2025,"City of Donna, Compañia Operadora de, Puente y Autopistas S.A. De C.V. (COPA)",https://www.cityofdonna.org/185/International-Bridge-Corporation,https://copaoperacion.com/rio-bravo/
RGV-PRG-DONN,Donna-Rio Bravo International Bridge,"Commercial Truck 
(Empty)",6 axles,29,,,As of September 2025,"City of Donna, Compañia Operadora de, Puente y Autopistas S.A. De C.V. (COPA)",https://www.cityofdonna.org/185/International-Bridge-Corporation,https://copaoperacion.com/rio-bravo/
RGV-PRG-DONN,Donna-Rio Bravo International Bridge,"Commercial Truck 
(Empty)",wide load,44,,,As of September 2025,"City of Donna, Compañia Operadora de, Puente y Autopistas S.A. De C.V. (COPA)",https://www.cityofdonna.org/185/International-Bridge-Corporation,https://copaoperacion.com/rio-bravo/
RGV-PRG-PROG,Progreso International Bridge,Pedestrian or Bicycle,,$1.00 ,,MX$5.00,As of September 2025,"Progreso International Bridge, Caminos y Puentes Federales de Ingresos y Servicios Conexos (CAPUFE)",,https://pot.capufe.mx/gobmx/transparencia/Doc/TransparenciaF/Tarifas/Vigentes/2025/Tarifas-Vigentes-2025.pdf
RGV-PRG-PROG,Progreso International Bridge,Motorcycle,,4,,MX$16.00,As of September 2025,"Progreso International Bridge, Caminos y Puentes Federales de Ingresos y Servicios Conexos (CAPUFE)",,https://pot.capufe.mx/gobmx/transparencia/Doc/TransparenciaF/Tarifas/Vigentes/2025/Tarifas-Vigentes-2025.pdf
RGV-PRG-PROG,Progreso International Bridge,Passenger Vehicles,2 axles,5,2 axles,MX$32.00,As of September 2025,"Progreso International Bridge, Caminos y Puentes Federales de Ingresos y Servicios Conexos (CAPUFE)",,https://pot.capufe.mx/gobmx/transparencia/Doc/TransparenciaF/Tarifas/Vigentes/2025/Tarifas-Vigentes-2025.pdf
RGV-PRG-PROG,Progreso International Bridge,Passenger Vehicles,,,per additional axle,MX$16.00,As of September 2025,"Progreso International Bridge, Caminos y Puentes Federales de Ingresos y Servicios Conexos (CAPUFE)",,https://pot.capufe.mx/gobmx/transparencia/Doc/TransparenciaF/Tarifas/Vigentes/2025/Tarifas-Vigentes-2025.pdf
RGV-PRG-PROG,Progreso International Bridge,Bus,,,2-4 axles,MX$65.00,As of September 2025,"Progreso International Bridge, Caminos y Puentes Federales de Ingresos y Servicios Conexos (CAPUFE)",,https://pot.capufe.mx/gobmx/transparencia/Doc/TransparenciaF/Tarifas/Vigentes/2025/Tarifas-Vigentes-2025.pdf
RGV-PRG-PROG,Progreso International Bridge,Commercial Trucks,2 axles,15,2-9 axles ,MX$65.00,As of September 2025,"Progreso International Bridge, Caminos y Puentes Federales de Ingresos y Servicios Conexos (CAPUFE)",,https://pot.capufe.mx/gobmx/transparencia/Doc/TransparenciaF/Tarifas/Vigentes/2025/Tarifas-Vigentes-2025.pdf
RGV-PRG-PROG,Progreso International Bridge,Commercial Trucks,3 axles,19,,,As of September 2025,"Progreso International Bridge, Caminos y Puentes Federales de Ingresos y Servicios Conexos (CAPUFE)",,https://pot.capufe.mx/gobmx/transparencia/Doc/TransparenciaF/Tarifas/Vigentes/2025/Tarifas-Vigentes-2025.pdf
RGV-PRG-PROG,Progreso International Bridge,Commercial Trucks,4 axles,20,,,As of September 2025,"Progreso International Bridge, Caminos y Puentes Federales de Ingresos y Servicios Conexos (CAPUFE)",,https://pot.capufe.mx/gobmx/transparencia/Doc/TransparenciaF/Tarifas/Vigentes/2025/Tarifas-Vigentes-2025.pdf
RGV-PRG-PROG,Progreso International Bridge,Commercial Trucks,5 axles,25,,,As of September 2025,"Progreso International Bridge, Caminos y Puentes Federales de Ingresos y Servicios Conexos (CAPUFE)",,https://pot.capufe.mx/gobmx/transparencia/Doc/TransparenciaF/Tarifas/Vigentes/2025/Tarifas-Vigentes-2025.pdf
RGV-PRG-PROG,Progreso International Bridge,Commercial Trucks,6 axles,29,,,As of September 2025,"Progreso International Bridge, Caminos y Puentes Federales de Ingresos y Servicios Conexos (CAPUFE)",,https://pot.capufe.mx/gobmx/transparencia/Doc/TransparenciaF/Tarifas/Vigentes/2025/Tarifas-Vigentes-2025.pdf
RGV-PRG-PROG,Progreso International Bridge,Commercial Trucks,7 axles,33,,,As of September 2025,"Progreso International Bridge, Caminos y Puentes Federales de Ingresos y Servicios Conexos (CAPUFE)",,https://pot.capufe.mx/gobmx/transparencia/Doc/TransparenciaF/Tarifas/Vigentes/2025/Tarifas-Vigentes-2025.pdf
RGV-PRG-PROG,Progreso International Bridge,Commercial Trucks,8 axles,40,,,As of September 2025,"Progreso International Bridge, Caminos y Puentes Federales de Ingresos y Servicios Conexos (CAPUFE)",,https://pot.capufe.mx/gobmx/transparencia/Doc/TransparenciaF/Tarifas/Vigentes/2025/Tarifas-Vigentes-2025.pdf
RGV-PRG-PROG,Progreso International Bridge,Commercial Trucks,9 axles,47,,,As of September 2025,"Progreso International Bridge, Caminos y Puentes Federales de Ingresos y Servicios Conexos (CAPUFE)",,https://pot.capufe.mx/gobmx/transparencia/Doc/TransparenciaF/Tarifas/Vigentes/2025/Tarifas-Vigentes-2025.pdf
RGV-PRG-PROG,Progreso International Bridge,Commercial Trucks,,,per additional axle,MX$32.00,As of September 2025,"Progreso International Bridge, Caminos y Puentes Federales de Ingresos y Servicios Conexos (CAPUFE)",,https://pot.capufe.mx/gobmx/transparencia/Doc/TransparenciaF/Tarifas/Vigentes/2025/Tarifas-Vigentes-2025.pdf
RGV-BRW-FREE,Free Trade International Bridge (Los Indios),Pedestrian or Bicycle,,$1.00 ,,,As of September 2025,"Cameron County International Bridge System, Compañia Operadora de Puentes y Autopistas S.A. De C.V. (COPA)",,https://copaoperacion.com/lucio-blanco/
RGV-BRW-FREE,Free Trade International Bridge (Los Indios),Motorcycle,,"$5.00
4.75 AVI",,MX$34.00,As of September 2025,"Cameron County International Bridge System, Compañia Operadora de Puentes y Autopistas S.A. De C.V. (COPA)",,https://copaoperacion.com/lucio-blanco/
RGV-BRW-FREE,Free Trade International Bridge (Los Indios),Passenger Vehicles,2 axles,"$5.00
4.75 AVI",2 axles,MX$69.00,As of September 2025,"Cameron County International Bridge System, Compañia Operadora de Puentes y Autopistas S.A. De C.V. (COPA)",,https://copaoperacion.com/lucio-blanco/
RGV-BRW-FREE,Free Trade International Bridge (Los Indios),Passenger Vehicles,per additional axle,3,per additional axle,MX$33.00,As of September 2025,"Cameron County International Bridge System, Compañia Operadora de Puentes y Autopistas S.A. De C.V. (COPA)",https://www.ccibstx.us/toll-rates,https://copaoperacion.com/lucio-blanco/
RGV-BRW-FREE,Free Trade International Bridge (Los Indios),Transmigrant:  Passenger Vehicle,2 axles,7.75,,,As of September 2025,"Cameron County International Bridge System, Compañia Operadora de Puentes y Autopistas S.A. De C.V. (COPA)",https://www.ccibstx.us/toll-rates,https://copaoperacion.com/lucio-blanco/
RGV-BRW-FREE,Free Trade International Bridge (Los Indios),Transmigrant:  Bus or Truck,2 axles,11.25,,,As of September 2025,"Cameron County International Bridge System, Compañia Operadora de Puentes y Autopistas S.A. De C.V. (COPA)",https://www.ccibstx.us/toll-rates,https://copaoperacion.com/lucio-blanco/
RGV-BRW-FREE,Free Trade International Bridge (Los Indios),Motorhome,,10,,,As of September 2025,"Cameron County International Bridge System, Compañia Operadora de Puentes y Autopistas S.A. De C.V. (COPA)",https://www.ccibstx.us/toll-rates,https://copaoperacion.com/lucio-blanco/
RGV-BRW-FREE,Free Trade International Bridge (Los Indios),Bus,2 axles,10,2-4 axles,MX$140.00,As of September 2025,"Cameron County International Bridge System, Compañia Operadora de Puentes y Autopistas S.A. De C.V. (COPA)",https://www.ccibstx.us/toll-rates,https://copaoperacion.com/lucio-blanco/
RGV-BRW-FREE,Free Trade International Bridge (Los Indios),Commercial Truck,2 axles,"$11.00
$9.50 AVI",2-3 axles,MX$140.00,As of September 2025,"Cameron County International Bridge System, Compañia Operadora de Puentes y Autopistas S.A. De C.V. (COPA)",https://www.ccibstx.us/toll-rates,https://copaoperacion.com/lucio-blanco/
RGV-BRW-FREE,Free Trade International Bridge (Los Indios),Commercial Truck,3 axles,"$15.00
$13.50 AVI",4-5 axles,MX$282.00,As of September 2025,"Cameron County International Bridge System, Compañia Operadora de Puentes y Autopistas S.A. De C.V. (COPA)",https://www.ccibstx.us/toll-rates,https://copaoperacion.com/lucio-blanco/
RGV-BRW-FREE,Free Trade International Bridge (Los Indios),Commercial Truck,4 axles,"$17.25
$15.50 AVI",6-9 axles,MX$453.00,As of September 2025,"Cameron County International Bridge System, Compañia Operadora de Puente y Autopistas S.A. De C.V. (COPA)",https://www.ccibstx.us/toll-rates,https://copaoperacion.com/lucio-blanco/
RGV-BRW-FREE,Free Trade International Bridge (Los Indios),Commercial Truck,5 axles,"$22.00
$19.25 AVI",per additional axle,MX$71.00,As of September 2025,"Cameron County International Bridge System, Compañia Operadora de Puente y Autopistas S.A. De C.V. (COPA)",https://www.ccibstx.us/toll-rates,https://copaoperacion.com/lucio-blanco/
RGV-BRW-FREE,Free Trade International Bridge (Los Indios),Commercial Truck,6 axles,"$25.00
$23.25 AVI",,,As of September 2025,"Cameron County International Bridge System, Compañia Operadora de Puente y Autopistas S.A. De C.V. (COPA)",https://www.ccibstx.us/toll-rates,https://copaoperacion.com/lucio-blanco/
RGV-BRW-FREE,Free Trade International Bridge (Los Indios),Commercial Truck,per additional axle,3.5,,,As of September 2025,"Cameron County International Bridge System, Compañia Operadora de Puente y Autopistas S.A. De C.V. (COPA)",https://www.ccibstx.us/toll-rates,https://copaoperacion.com/lucio-blanco/
RGV-BRW-BROW,Brownsville & Matamoros Express Bridge,Pedestrian or Bicycle,,$1.00 ,,1,As of September 2025,Brownsville and Matamoros Bridge Company,Confirmed by phone (956) 548 2415,Confirmed by phone (956) 548 2415
RGV-BRW-BROW,Brownsville & Matamoros Express Bridge,Passenger Vehicles,,$4.00 ,,2,As of September 2025,Brownsville and Matamoros Bridge Company,Confirmed by phone (956) 548 2415,Confirmed by phone (956) 548 2415
RGV-BRW-GATE,Gateway International Bridge,Pedestrian or Bicycle,,$1.00 ,,MX$5.00,As of September 2025,"AVI: Automatic Vehicle Identification–a pre-paid toll account program, Cameron County International Bridge System, Caminos y Puentes Federales de Ingresos y Servicios Conexos (CAPUFE)",https://www.ccibstx.us/toll-rates,https://pot.capufe.mx/gobmx/transparencia/Doc/TransparenciaF/Tarifas/Vigentes/2025/Tarifas-Vigentes-2025.pdf
RGV-BRW-GATE,Gateway International Bridge,Motorcycle,,"$5.00
$4.75 AVI",,MX$16.00,As of September 2025,"AVI: Automatic Vehicle Identification–a pre-paid toll account program, Cameron County International Bridge System, Caminos y Puentes Federales de Ingresos y Servicios Conexos (CAPUFE)",https://www.ccibstx.us/toll-rates,https://pot.capufe.mx/gobmx/transparencia/Doc/TransparenciaF/Tarifas/Vigentes/2025/Tarifas-Vigentes-2025.pdf
RGV-BRW-GATE,Gateway International Bridge,Passenger Vehicle,2 axles,"$5.00
$4.75 AVI",2 axles,MX$32.00,As of September 2025,"AVI: Automatic Vehicle Identification–a pre-paid toll account program, Cameron County International Bridge System, Caminos y Puentes Federales de Ingresos y Servicios Conexos (CAPUFE)",https://www.ccibstx.us/toll-rates,https://pot.capufe.mx/gobmx/transparencia/Doc/TransparenciaF/Tarifas/Vigentes/2025/Tarifas-Vigentes-2025.pdf
RGV-BRW-GATE,Gateway International Bridge,Passenger Vehicle,per additional axle,3,per additional axle,MX$16.00,As of September 2025,"AVI: Automatic Vehicle Identification–a pre-paid toll account program, Cameron County International Bridge System, Caminos y Puentes Federales de Ingresos y Servicios Conexos (CAPUFE)",https://www.ccibstx.us/toll-rates,https://pot.capufe.mx/gobmx/transparencia/Doc/TransparenciaF/Tarifas/Vigentes/2025/Tarifas-Vigentes-2025.pdf
RGV-BRW-GATE,Gateway International Bridge,Motorhome,,10,,,As of September 2025,"AVI: Automatic Vehicle Identification–a pre-paid toll account program, Cameron County International Bridge System, Caminos y Puentes Federales de Ingresos y Servicios Conexos (CAPUFE)",https://www.ccibstx.us/toll-rates,https://pot.capufe.mx/gobmx/transparencia/Doc/TransparenciaF/Tarifas/Vigentes/2025/Tarifas-Vigentes-2025.pdf
RGV-BRW-GATE,Gateway International Bridge,Bus,2 axles,10,2-4 axles,MX$65.00,As of September 2025,"AVI: Automatic Vehicle Identification–a pre-paid toll account program, Cameron County International Bridge System, Caminos y Puentes Federales de Ingresos y Servicios Conexos (CAPUFE)",https://www.ccibstx.us/toll-rates,https://pot.capufe.mx/gobmx/transparencia/Doc/TransparenciaF/Tarifas/Vigentes/2025/Tarifas-Vigentes-2025.pdf
RGV-BRW-GATE,Gateway International Bridge,Bus,per additional axle,3.5,,,As of September 2025,"AVI: Automatic Vehicle Identification–a pre-paid toll account program, Cameron County International Bridge System, Caminos y Puentes Federales de Ingresos y Servicios Conexos (CAPUFE)",https://www.ccibstx.us/toll-rates,
RGV-BRW-VETE,Veterans International Bridge at Los Tomates,Pedestrian or Bicycle,,$1.00 ,,,As of September 2025,"Cameron County International Bridge System, Operadora de Autopistas del Noreste, S.A. de C.V.",https://www.ccibstx.us/toll-rates,PASE
RGV-BRW-VETE,Veterans International Bridge at Los Tomates,Motorcycle,,"$5.00
$4.75 AVI",,MX$23.00,As of September 2025,"Cameron County International Bridge System, Operadora de Autopistas del Noreste, S.A. de C.V.",https://www.ccibstx.us/toll-rates,PASE
RGV-BRW-VETE,Veterans International Bridge at Los Tomates,Passenger Vehicle,2 axles,"$5.00
$4.75 AVI",2 axles,MX$46.00,As of September 2025,"Cameron County International Bridge System, Operadora de Autopistas del Noreste, S.A. de C.V.",https://www.ccibstx.us/toll-rates,PASE
RGV-BRW-VETE,Veterans International Bridge at Los Tomates,Passenger Vehicle,per additional axle,3,per additional axle,MX$23.00,As of September 2025,"Cameron County International Bridge System, Operadora de Autopistas del Noreste, S.A. de C.V.",https://www.ccibstx.us/toll-rates,PASE
RGV-BRW-VETE,Veterans International Bridge at Los Tomates,Motorhome,,10,,,As of September 2025,"Cameron County International Bridge System, Operadora de Autopistas del Noreste, S.A. de C.V.",https://www.ccibstx.us/toll-rates,PASE
RGV-BRW-VETE,Veterans International Bridge at Los Tomates,Bus,2 axles,10,2-4 axles,MX$97.00,As of September 2025,"Cameron County International Bridge System, Operadora de Autopistas del Noreste, S.A. de C.V.",https://www.ccibstx.us/toll-rates,PASE
RGV-BRW-VETE,Veterans International Bridge at Los Tomates,Commercial Trucks,2 axles,"$11.00
$9.50 AVI",2-4 axles,MX$95.00,As of September 2025,"Cameron County International Bridge System, Operadora de Autopistas del Noreste, S.A. de C.V.",https://www.ccibstx.us/toll-rates,PASE
RGV-BRW-VETE,Veterans International Bridge at Los Tomates,Commercial Trucks,3 axles,"$15.00 
$13.50 AVI",5-6 axles,MX$196.00,As of September 2025,"Cameron County International Bridge System, Operadora de Autopistas del Noreste, S.A. de C.V.",https://www.ccibstx.us/toll-rates,PASE
RGV-BRW-VETE,Veterans International Bridge at Los Tomates,Commercial Trucks,4 axles,"$17.25 
$15.50 AVI",7-9 axles,MX$312.00,As of September 2025,"Cameron County International Bridge System, Operadora de Autopistas del Noreste, S.A. de C.V.",https://www.ccibstx.us/toll-rates,PASE
RGV-BRW-VETE,Veterans International Bridge at Los Tomates,Commercial Trucks,5 axles,"$22.00 
$19.25 AVI",per additional axle,MX$48.00,As of September 2025,"Cameron County International Bridge System, Operadora de Autopistas del Noreste, S.A. de C.V.",https://www.ccibstx.us/toll-rates,PASE
RGV-BRW-VETE,Veterans International Bridge at Los Tomates,Commercial Trucks,6 axles,"$25.00
$23.25 AVI",,,As of September 2025,"Cameron County International Bridge System, Operadora de Autopistas del Noreste, S.A. de C.V.",https://www.ccibstx.us/toll-rates,PASE
RGV-BRW-VETE,Veterans International Bridge at Los Tomates,Commercial Trucks,per additional axle,3.5,,,As of September 2025,"Cameron County International Bridge System, City of Pharr, Operadora de Autopistas del Noreste, S.A. de C.V.",https://www.ccibstx.us/toll-rates,PASE
